,Conf,arxiv,similarity,conf_idx
0,A Causal Framework to Quantify the Robustness of Mathematical Reasoning with Language Models, A Causal Framework to Quantify the Robustness of Mathematical Reasoning  with Language Models,99,0
1,Annotating Mentions Alone Enables Efficient Domain Adaptation for Coreference Resolution, Mention Annotations Alone Enable Efficient Domain Adaptation for  Coreference Resolution,92,36
2,Apollo: A Simple Approach for Adaptive Pretraining of Language Models for Logical Reasoning, APOLLO: A Simple Approach for Adaptive Pretraining of Language Models  for Logical Reasoning,99,39
3,Attractive Storyteller: Stylized Visual Storytelling with Unpaired Text, Visual Storytelling,90,47
4,Beyond Contrastive Learning: A Variational Generative Model for Multilingual Retrieval, Beyond Contrastive Learning: A Variational Generative Model for  Multilingual Retrieval,99,57
5,BITE: Textual Backdoor Attacks with Iterative Trigger Injection, Textual Backdoor Attacks with Iterative Trigger Injection,95,64
6,BUMP: A Benchmark of Unfaithful Minimal Pairs for Meta-Evaluation of Faithfulness Metrics, BUMP: A Benchmark of Unfaithful Minimal Pairs for Meta-Evaluation of  Faithfulness Metrics,99,72
7,Can NLI Provide Proper Indirect Supervision for Low-resource Biomedical Relation Extraction?, Can NLI Provide Proper Indirect Supervision for Low-resource Biomedical  Relation Extraction?,99,76
8,ColD Fusion: Collaborative Descent for Distributed Multitask Finetuning, ColD Fusion: Collaborative Descent for Distributed Multitask Finetuning,100,99
9,Cold-Start Data Selection for Better Few-shot Language Model Fine-tuning: A Prompt-based Uncertainty Propagation Approach, Cold-Start Data Selection for Few-shot Language Model Fine-tuning: A  Prompt-Based Uncertainty Propagation Approach,97,100
10,Continual Contrastive Finetuning Improves Low-Resource Relation Extraction, Continual Contrastive Finetuning Improves Low-Resource Relation  Extraction,99,115
11,Continual Knowledge Distillation for Neural Machine Translation, Selective Knowledge Distillation for Neural Machine Translation,90,116
12,Counterfactual Multihop QA: A Cause-Effect Approach for Reducing Disconnected Reasoning, Counterfactual Multihop QA: A Cause-Effect Approach for Reducing  Disconnected Reasoning,99,128
13,Dialect-robust Evaluation of Generated Text, Dialect-robust Evaluation of Generated Text,100,152
14,DIONYSUS: A Pre-trained Model for Low-Resource Dialogue Summarization, DIONYSUS: A Pre-trained Model for Low-Resource Dialogue Summarization,100,164
15,DiSCoMAT: Distantly Supervised Composition Extraction from Tables in Materials Science Articles, DiSCoMaT: Distantly Supervised Composition Extraction from Tables in  Materials Science Articles,99,166
16,Diverse Demonstrations Improve In-context Compositional Generalization, Diverse Demonstrations Improve In-context Compositional Generalization,100,177
17,Do CoNLL-2003 Named Entity Taggers Still Work Well in 2023?, Do CoNLL-2003 Named Entity Taggers Still Work Well in 2023?,100,180
18,Do language models have coherent mental models of everyday things?, Do language models have coherent mental models of everyday things?,100,182
19,Improving Long Story Coherence With Detailed Outline Control, DOC: Improving Long Story Coherence With Detailed Outline Control,96,185
20,DualGATs: Dual Graph Attention Networks for Emotion Recognition in Conversations, Graph Attention Networks,90,198
21,Elaboration-Generating Commonsense Question Answering at Scale, Elaboration-Generating Commonsense Question Answering at Scale,100,208
22,Exploring How Generative Adversarial Networks Learn Phonological Representations, Generative Adversarial Networks,90,233
23,Extrinsic Evaluation of Machine Translation Metrics, Extrinsic Evaluation of Machine Translation Metrics,100,237
24,\(f\)-Divergence Minimization for Sequence-Level Knowledge Distillation, Sequence-Level Knowledge Distillation,90,238
25,Few-shot Adaptation Works with UnpredictTable Data, Few-shot Adaptation Works with UnpredicTable Data,99,253
26,GanLM: Encoder-Decoder Pre-training with an Auxiliary Discriminator, GanLM: Encoder-Decoder Pre-training with an Auxiliary Discriminator,100,270
27,Generic Temporal Reasoning with Differential Analysis and Explanation, Generic Temporal Reasoning with Differential Analysis and Explanation,100,277
28,HyPe: Better Pre-trained Language Model Fine-tuning with Hidden Representation Perturbation, HyPe: Better Pre-trained Language Model Fine-tuning with Hidden  Representation Perturbation,99,305
29,In-sample Curriculum Learning by Sequence Completion for Natural Language Generation, In-sample Curriculum Learning by Sequence Completion for Natural  Language Generation,99,321
30,"KALM: Knowledge-Aware Integration of Local, Document, and Global Contexts for Long Document Understanding"," KALM: Knowledge-Aware Integration of Local, Document, and Global  Contexts for Long Document Understanding",100,342
31,Language Detoxification with Attribute-Discriminative Latent Space, Language Detoxification with Attribute-Discriminative Latent Space,100,351
32,Learning Action Conditions from Instructional Manuals for Instruction Understanding, Learning Action Conditions from Instructional Manuals for Instruction  Understanding,99,359
33,Learning Better Masking for Better Language Model Pre-training, Learning Better Masking for Better Language Model Pre-training,100,361
34,Learning to Simulate Natural Language Feedback for Interactive Semantic Parsing, Learning To Simulate,90,371
35,_li_Gym: Natural Language Visual Reasoning with Reinforcement Learning, lilGym: Natural Language Visual Reasoning with Reinforcement Learning,99,373
36,Limitations of Language Models in Arithmetic and Symbolic Induction, Limitations of Language Models in Arithmetic and Symbolic Induction,100,374
37,Log-linear Guardedness and its Implications, Linear Guardedness and its Implications,95,379
38,MASSIVE: A 1M-Example Multilingual Natural Language Understanding Dataset with 51 Typologically-Diverse Languages, MASSIVE: A 1M-Example Multilingual Natural Language Understanding  Dataset with 51 Typologically-Diverse Languages,100,385
39,Memory-efficient NLLB-200: Language-specific Expert Pruning of a Massively Multilingual Machine Translation Model, Memory-efficient NLLB-200: Language-specific Expert Pruning of a  Massively Multilingual Machine Translation Model,100,395
40,Multi-CLS BERT: An Efficient Alternative to Traditional Ensembling, Multi-CLS BERT: An Efficient Alternative to Traditional Ensembling,100,416
41,Neural Unsupervised Reconstruction of Protolanguage Word Forms, Neural Unsupervised Reconstruction of Protolanguage Word Forms,100,441
42,PeerDA: Data Augmentation via Modeling Peer Relation for Span Identification Tasks, PeerDA: Data Augmentation via Modeling Peer Relation for Span  Identification Tasks,99,478
43,Pivotal Role of Language Modeling in Recommender Systems: Enriching Task-specific and Task-agnostic Representation Learning, Pivotal Role of Language Modeling in Recommender Systems: Enriching  Task-specific and Task-agnostic Representation Learning,100,482
44,Pruning Pre-trained Language Models Without Fine-Tuning, Pruning Pre-trained Language Models Without Fine-Tuning,100,501
45,(QA)\({}^{2}\): Question Answering with Questionable Assumptions, (QA)$^2$: Question Answering with Questionable Assumptions,95,505
46,Rethinking the Role of Scale for In-Context Learning: An Interpretability-based Case Study at 66 Billion Scale, Rethinking the Role of Scale for In-Context Learning: An  Interpretability-based Case Study at 66 Billion Scale,100,520
47,RetroMAE-2: Duplex Masked Auto-Encoder For Pre-Training Retrieval-Oriented Language Models, RetroMAE v2: Duplex Masked Auto-Encoder For Pre-Training  Retrieval-Oriented Language Models,99,523
48,Rev: Information-Theoretic Evaluation of Free-Text Rationales, REV: Information-Theoretic Evaluation of Free-Text Rationales,100,524
49,Revisiting Token Dropping Strategy in Efficient BERT Pretraining, Token Dropping for Efficient BERT Pretraining,91,531
50,Reward Gaming in Conditional Text Generation, Reward Gaming in Conditional Text Generation,100,532
51,Self-Adaptive In-Context Learning: An Information Compression Perspective for In-Context Example Selection and Ordering, Self-adaptive In-context Learning,90,547
52,SimLM: Pre-training with Representation Bottleneck for Dense Passage Retrieval, SimLM: Pre-training with Representation Bottleneck for Dense Passage  Retrieval,99,552
53,Simplicity Bias in Transformers and their Ability to Learn Sparse Boolean Functions, Simplicity Bias in Transformers and their Ability to Learn Sparse  Boolean Functions,99,555
54,SpeechMatrix: A Large-Scale Mined Corpus of Multilingual Speech-to-Speech Translations, SpeechMatrix: A Large-Scale Mined Corpus of Multilingual  Speech-to-Speech Translations,99,567
55,Summary-Oriented Vision Modeling for Multimodal Abstractive Summarization, Summary-Oriented Vision Modeling for Multimodal Abstractive  Summarization,99,573
56,Tailor: A Soft-Prompt-Based Approach to Attribute-Based Controlled Text Generation, Tailor: A Prompt-Based Approach to Attribute-Based Controlled Text  Generation,96,581
57,The KITMUS Test: Evaluating Knowledge Integration from Multiple Sources, The KITMUS Test: Evaluating Knowledge Integration from Multiple Sources  in Natural Language Understanding Systems,90,597
58,Towards Understanding and Improving Knowledge Distillation for Neural Machine Translation, Understanding and Improving Knowledge Distillation,90,615
59,Towards Understanding Chain-of-Thought Prompting: An Empirical Study of What Matters, Towards Understanding Chain-of-Thought Prompting: An Empirical Study of  What Matters,99,616
60,UnitY: Two-pass Direct Speech-to-speech Translation with Discrete Units, Direct speech-to-speech translation with discrete units,95,644
61,Unsupervised Discontinuous Constituency Parsing with Mildly Context-Sensitive Grammars, Unsupervised Discontinuous Constituency Parsing with Mildly  Context-Sensitive Grammars,99,646
62,Visually-augmented Pretrained Language Models for NLP Tasks without Images, Visually-augmented pretrained language models for NLP tasks without  images,99,659
63,WACO: Word-Aligned Contrastive Learning for Speech Translation, WACO: Word-Aligned Contrastive Learning for Speech Translation,100,661
64,Wukong-Reader: Multi-modal Pre-training for Fine-grained Visual Document Understanding, Wukong-Reader: Multi-modal Pre-training for Fine-grained Visual Document  Understanding,99,685
65,XSemPLR: Cross-Lingual Semantic Parsing in Multiple Natural Languages and Meaning Representations, Cross-lingual Semantic Parsing,90,687
66,3D-Aware Object Goal Navigation via Simultaneous Exploration and Identification, 3D-Aware Object Goal Navigation via Simultaneous Exploration and  Identification,99,699
67,3D Highlighter: Localizing Regions on 3D Shapes via Text Descriptions, 3D Highlighter: Localizing Regions on 3D Shapes via Text Descriptions,100,703
68,A Generalized Framework for Video Instance Segmentation, Video Instance Segmentation,90,722
69,A Light Touch Approach to Teaching Transformers Multi-view Geometry, A Light Touch Approach to Teaching Transformers Multi-view Geometry,100,726
70,A New Path: Scaling Vision-and-Language Navigation with Synthetic Instructions and Imitation Learning, A New Path: Scaling Vision-and-Language Navigation with Synthetic  Instructions and Imitation Learning,100,733
71,A Practical Stereo Depth System for Smart Glasses, A Practical Stereo Depth System for Smart Glasses,100,734
72,ACSeg: Adaptive Conceptualization for Unsupervised Semantic Segmentation, ACSeg: Adaptive Conceptualization for Unsupervised Semantic Segmentation,100,755
73,Adversarial Counterfactual Visual Explanations, Counterfactual Visual Explanations,95,777
74,Adversarially Robust Neural Architecture Search for Graph Neural Networks, Neural Architecture Search in Graph Neural Networks,92,781
75,AeDet: Azimuth-invariant Multi-view 3D Object Detection, AeDet: Azimuth-invariant Multi-view 3D Object Detection,100,782
76,All in One: Exploring Unified Video-Language Pre-training, All in One: Exploring Unified Video-Language Pre-training,100,794
77,An Empirical Study of End-to-End Video-Language Transformers with Masked Visual Modeling, An Empirical Study of End-to-End Video-Language Transformers with Masked  Visual Modeling,99,803
78,An In-depth Exploration of Person Re-identification and Gait Recognition in Cloth-Changing Conditions, Person Re-Identification,90,806
79,Architectural Backdoors in Neural Networks, Neural Architectural Backdoors,95,815
80,Are Deep Neural Networks SMARTer than Second Graders?, Are Deep Neural Networks SMARTer than Second Graders?,100,820
81,Augmentation Matters: A Simple-yet-Effective Approach to Semi-supervised Semantic Segmentation, Augmentation Matters: A Simple-yet-Effective Approach to Semi-supervised  Semantic Segmentation,99,832
82,BAD-NeRF: Bundle Adjusted Deblur Neural Radiance Fields, BAD-NeRF: Bundle Adjusted Deblur Neural Radiance Fields,100,852
83,Bayesian posterior approximation with stochastic ensembles, Bayesian posterior approximation with stochastic ensembles,100,858
84,Bias Mimicking: A Simple Sampling Approach for Bias Mitigation, Bias Mimicking: A Simple Sampling Approach for Bias Mitigation,100,881
85,BKinD-3D: Self-Supervised 3D Keypoint Discovery from Multi-View Videos, BKinD-3D: Self-Supervised 3D Keypoint Discovery from Multi-View Videos,100,895
86,Building Re, Building Resilient Cloud Over Unreliable Commodity Infrastructure,90,928
87,Burstormer: Burst Image Restoration and Enhancement Transformer, Burst Image Restoration and Enhancement,90,931
88,Can't Steal? Cont-Steal! Contrastive Stealing Attacks Against Image Encoders, Can't Steal? Cont-Steal! Contrastive Stealing Attacks Against Image  Encoders,99,937
89,Canonical Fields: Self-Supervised Learning of Pose-Canonicalized Neural Fields, Canonical Fields: Self-Supervised Learning of Pose-Canonicalized Neural  Fields,99,938
90,Center Focusing Network for Real-Time LiDAR Panoptic Segmentation, Panoptic Segmentation,90,954
91,CiaoSR: Continuous Implicit Attention-in-Attention Network for Arbitrary-Scale Image Super-Resolution, CiaoSR: Continuous Implicit Attention-in-Attention Network for  Arbitrary-Scale Image Super-Resolution,100,959
92,CLIPPO: Image-and-Language Understanding from Pixels Only, Image-and-Language Understanding from Pixels Only,95,980
93,Cloud-Device Collaborative Adaptation to Continual Changing Environments in the Real-world, Cloud-Device Collaborative Adaptation to Continual Changing Environments  in the Real-world,99,984
94,Clover \(\circledR\): Towards A Unified Video-Language Alignment and Fusion Model, Clover: Towards A Unified Video-Language Alignment and Fusion Model,95,985
95,Co-training \(2^{l}\) Submodels for Visual Recognition, Co-training $2^L$ Submodels for Visual Recognition,96,990
96,Conjugate Product Graphs for Globally Optimal 2D-3D Shape Matching, Conjugate Product Graphs for Globally Optimal 2D-3D Shape Matching,100,1019
97,Connecting the Dots: Floorplan Reconstruction Using Two-Level Queries, Connecting the Dots: Floorplan Reconstruction Using Two-Level Queries,100,1020
98,ConStruct-VL: Data-Free Continual Structured VL Concepts Learning+, ConStruct-VL: Data-Free Continual Structured VL Concepts Learning,100,1026
99,Context-aware Pretraining for Efficient Blind Image Decomposition, Blind Image Decomposition,90,1030
100,Correlational Image Modeling for Self-Supervised Visual Pre-Training, Corrupted Image Modeling for Self-Supervised Visual Pre-Training,91,1050
101,CXTrack: Improving 3D Point Cloud Tracking with Contextual Information, CXTrack: Improving 3D Point Cloud Tracking with Contextual Information,100,1071
102,Data-driven Feature Tracking for Event Cameras, Data-driven Feature Tracking for Event Cameras,100,1081
103,Deep Random Projector: Accelerated Deep Image Prior, Deep Image Prior,90,1116
104,Deep Stereo Video Inpainting, Deep Video Inpainting,95,1117
105,DeepLSD: Line Segment Detection and Refinement with Deep Image Gradients, DeepLSD: Line Segment Detection and Refinement with Deep Image Gradients,100,1118
106,DeepMapping2: Self-Supervised Large-Scale LiDAR Map Optimization, DeepMapping2: Self-Supervised Large-Scale LiDAR Map Optimization,100,1120
107,Defending Against Patch-based Backdoor Attacks on Self-Supervised Learning, Backdoor Attacks on Self-Supervised Learning,90,1124
108,DeSTSeg: Segmentation Guided Denoising Student-Teacher for Anomaly Detection, DeSTSeg: Segmentation Guided Denoising Student-Teacher for Anomaly  Detection,99,1141
109,DiffPose: Toward More Reliable 3D Pose Estimation, DiffPose: Toward More Reliable 3D Pose Estimation,100,1158
110,DiffRF: Rendering-Guided 3D Radiance Field Diffusion, DiffRF: Rendering-Guided 3D Radiance Field Diffusion,100,1159
111,Dimensionality-Varying Diffusion Process, Dimensionality-Varying Diffusion Process,100,1170
112,DisCoScene: Spatially Disentangled Generative Radiance Fields for Controllable 3D-aware Scene Synthesis, DisCoScene: Spatially Disentangled Generative Radiance Fields for  Controllable 3D-aware Scene Synthesis,100,1177
113,Distilling Vision-Language Pre-training to Collaborate with Weakly-Supervised Temporal Action Localization, Distilling Vision-Language Pre-training to Collaborate with  Weakly-Supervised Temporal Action Localization,100,1190
114,Diverse Embedding Expansion Network and Low-Light Cross-Modality Benchmark for Visible-Infrared Person Re-identification, Person Re-Identification,90,1195
115,DKM: Dense Kernelized Feature Matching for Geometry Estimation, DKM: Dense Kernelized Feature Matching for Geometry Estimation,100,1200
116,Doubly Right Object Recognition: A _Why_ Prompt for Visual Rationales, Doubly Right Object Recognition: A Why Prompt for Visual Rationales,99,1208
117,DP-NeRF: Deblurred Neural Radiance Field with Physical Scene Priors, DP-NeRF: Deblurred Neural Radiance Field with Physical Scene Priors,100,1209
118,DSFNet: Dual Space Fusion Network for Occlusion-Robust 3D Dense Face Alignment, Dense Face Alignment,90,1218
119,Dynamic Conceptual Contrastive Learning for Generalized Category Discovery, Generalized Category Discovery,90,1230
120,Dynamic Focus-aware Positional Queries for Semantic Segmentation, Dynamic Focus-aware Positional Queries for Semantic Segmentation,100,1231
121,DynIBaR: Neural Dynamic Image-Based Rendering, DynIBaR: Neural Dynamic Image-Based Rendering,100,1240
122,EDICT: Exact Diffusion Inversion via Coupled Transformations, EDICT: Exact Diffusion Inversion via Coupled Transformations,100,1249
123,Efficient Frequency Domain-based Transformers for High-Quality Image Deblurring, Efficient Frequency Domain-based Transformers for High-Quality Image  Deblurring,99,1254
124,Efficient Second-Order Plane Adjustment, Efficient Second-Order Plane Adjustment,100,1263
125,Egocentric Video Task Translation, Egocentric Video Task Translation,100,1271
126,Eva: Exploring the Limits of Masked Visual Representation Learning at Scale, EVA: Exploring the Limits of Masked Visual Representation Learning at  Scale,99,1292
127,EVAL: Explainable Video Anomaly Localization, EVAL: Explainable Video Anomaly Localization,100,1295
128,Event-guided Person Re-Identification via Sparse-Dense Complementary Learning, Person Re-Identification,90,1300
129,EventNeRF: Neural Radiance Fields from a Single Colour Event Camera, EventNeRF: Neural Radiance Fields from a Single Colour Event Camera,100,1301
130,Executing your Commands via Motion Diffusion in Latent Space, Executing your Commands via Motion Diffusion in Latent Space,100,1305
131,Explicit Boundary Guided Semi-Push-Pull Contrastive Learning for Supervised Anomaly Detection, Explicit Boundary Guided Semi-Push-Pull Contrastive Learning for Better  Anomaly Detection,93,1309
132,Exploiting Completeness and Uncertainty of Pseudo Labels for Weakly Supervised Video Anomaly Detection, Exploiting Completeness and Uncertainty of Pseudo Labels for Weakly  Supervised Video Anomaly Detection,100,1311
133,Exploring the Relationship between Architectural Design and Adversarially Robust Generalization, Exploring the Relationship between Architecture and Adversarially Robust  Generalization,95,1322
134,FeatER: An Efficient Network for Human Reconstruction via Feature Map-Based TransformER, FeatER: An Efficient Network for Human Reconstruction via Feature  Map-Based TransformER,99,1337
135,FeatureBooster: Boosting Feature Descriptors with a Lightweight Neural Network, FeatureBooster: Boosting Feature Descriptors with a Lightweight Neural  Network,99,1343
136,Few-Shot Referring Relationships in Videos, Referring Relationships,90,1354
137,Fine-Grained Face Swapping via Regional GAN Inversion, Fine-Grained Face Swapping via Regional GAN Inversion,100,1361
138,Fine-tuned CLIP Models are Efficient Video Learners, Frozen CLIP Models are Efficient Video Learners,90,1363
139,FLAG3D: A 3D Fitness Activity Dataset with Language Instruction, FLAG3D: A 3D Fitness Activity Dataset with Language Instruction,100,1367
140,FLEX: Full-Body Grasping Without Full-Body Grasps, FLEX: Full-Body Grasping Without Full-Body Grasps,100,1369
141,FlexiViT: One Model for All Patch Sizes, FlexiViT: One Model for All Patch Sizes,100,1370
142,GALIP: Generative Adversarial CLIPs for Text-to-Image Synthesis, Generative Adversarial Text to Image Synthesis,95,1397
143,Gaussian Label Distribution Learning for Spherical Image Object Detection, Label Distribution Learning,90,1405
144,Generalized Relation Modeling for Transformer Tracking, Transformer Tracking,90,1415
145,Generative Bias for Robust Visual Question Answering, Generative Bias for Visual Question Answering,95,1424
146,GlassesGAN: Eyewear Personalization using Synthetic Appearance Discovery and Targeted Subspace Modeling, GlassesGAN: Eyewear Personalization using Synthetic Appearance Discovery  and Targeted Subspace Modeling,100,1441
147,GLeaD: Improving GANs with A Generator-Leading Task, GLeaD: Improving GANs with A Generator-Leading Task,100,1442
148,Good is Bad: Causality Inspired Cloth-debiasing for Cloth-changing Person Re-identification, Person Re-Identification,90,1450
149,HandsOff: Labeled Dataset Generation With No Additional Human Annotations, HandsOff: Labeled Dataset Generation With No Additional Human  Annotations,99,1476
150,HARP: Personalized Hand Reconstruction from a Monocular RGB Video, HARP: Personalized Hand Reconstruction from a Monocular RGB Video,100,1483
151,Hi-LASSIE: High-Fidelity Articulated Shape and Skeleton Discovery from Sparse Image Ensemble, Hi-LASSIE: High-Fidelity Articulated Shape and Skeleton Discovery from  Sparse Image Ensemble,99,1490
152,High-Fidelity Guided Image Synthesis with Latent Diffusion Models, High-Fidelity Guided Image Synthesis with Latent Diffusion Models,100,1515
153,High-Res Facial Appearance Capture from Polarized Smartphone Images, High-Res Facial Appearance Capture from Polarized Smartphone Images,100,1517
154,HouseDiffusion: Vector Floorplan Generation via a Diffusion Model with Discrete and Continuous Denoising, HouseDiffusion: Vector Floorplan Generation via a Diffusion Model with  Discrete and Continuous Denoising,100,1522
155,HumanGen: Generating Human Radiance Fields with Explicit Priors, HumanGen: Generating Human Radiance Fields with Explicit Priors,100,1537
156,I2MVFormer: Large Language Model Generated Multi-View Document Supervision for Zero-Shot Image Classification, I2MVFormer: Large Language Model Generated Multi-View Document  Supervision for Zero-Shot Image Classification,100,1550
157,Imagen Editor and EditBench: Advancing and Evaluating Text-Guided Image Inpainting, Imagen Editor and EditBench: Advancing and Evaluating Text-Guided Image  Inpainting,99,1561
158,Images Speak in Images: A Generalist Painter for In-Context Visual Learning, Images Speak in Images: A Generalist Painter for In-Context Visual  Learning,99,1562
159,Image: Text-Based Real Image Editing with Diffusion Models, Imagic: Text-Based Real Image Editing with Diffusion Models,97,1563
160,Imitation Learning as State Matching via Differentiable Physics, Imitation Learning via Differentiable Physics,95,1564
161,Improving Commonsense in Vision-Language Models via Knowledge Graph Riddles, Improving Commonsense in Vision-Language Models via Knowledge Graph  Riddles,99,1576
162,Improving Cross-Modal Retrieval with Set of Diverse Embeddings, Improving Cross-Modal Retrieval with Set of Diverse Embeddings,100,1577
163,Improving Visual Grounding by Encouraging Consistent Gradient-based Explanations, Improving Visual Grounding by Encouraging Consistent Gradient-based  Explanations,99,1589
164,Improving Zero-shot Generalization and Robustness of Multi-modal Models, Improving Zero-shot Generalization and Robustness of Multi-modal Models,100,1591
165,Instance Relation Graph Guided Source-Free Domain Adaptive Object Detection, Instance Relation Graph Guided Source-Free Domain Adaptive Object  Detection,99,1603
166,Instance-specific and Model-adaptive Supervision for Semi-supervised Semantic Segmentation, Instance-specific and Model-adaptive Supervision for Semi-supervised  Semantic Segmentation,99,1604
167,Instant Volumetric Head Avatars, Instant Volumetric Head Avatars,100,1608
168,Integrally Pre-Trained Transformer Pyramid Networks, Integrally Pre-Trained Transformer Pyramid Networks,100,1612
169,Interactive Segmentation of Radiance Fields, Interactive Segmentation of Radiance Fields,100,1616
170,InternImage: Exploring Large-Scale Vision Foundation Models with Deformable Convolutions, InternImage: Exploring Large-Scale Vision Foundation Models with  Deformable Convolutions,99,1617
171,IS-GGT: Iterative Scene Graph Generation with Generative Transformers, Iterative Scene Graph Generation,90,1627
172,Iterative Vision-and-Language Navigation, Iterative Vision-and-Language Navigation,100,1632
173,Knowledge Distillation for 6D Pose Estimation by Aligning Distributions of Local Predictions, Knowledge Distillation for 6D Pose Estimation by Aligning Distributions  of Local Predictions,99,1649
174,Language in a Bottle: Language Model Guided Concept Bottlenecks for Interpretable Image Classification, Language in a Bottle: Language Model Guided Concept Bottlenecks for  Interpretable Image Classification,100,1656
175,LaserMix for Semi-Supervised LiDAR Semantic Segmentation, LaserMix for Semi-Supervised LiDAR Semantic Segmentation,100,1661
176,Lavender: Unifying Video-Language Understanding as Masked Language Modeling, LAVENDER: Unifying Video-Language Understanding as Masked Language  Modeling,99,1665
177,Learning Neural Parametric Head Models, Learning Neural Parametric Head Models,100,1720
178,Learning to Detect and Segment for Open Vocabulary Object Detection, Learning to Detect and Segment for Open Vocabulary Object Detection,100,1738
179,Learning to Dub Movies via Hierarchical Prosody Models, Learning to Dub Movies via Hierarchical Prosody Models,100,1740
180,Learning Transferable Spatiotemporal Representations from Natural Script Knowledge, Learning Transferable Spatiotemporal Representations from Natural Script  Knowledge,99,1752
181,Leveraging per Image-Token Consistency for Vision-Language Pre-training, Leveraging per Image-Token Consistency for Vision-Language Pre-training,100,1767
182,LidarGait: Benchmarking 3D Gait Recognition with Point Clouds, LIDAR GAIT: Benchmarking 3D Gait Recognition with Point Clouds,99,1772
183,Look Before You Match: Instance Understanding Matters in Video Object Segmentation, Look Before You Match: Instance Understanding Matters in Video Object  Segmentation,99,1796
184,"Look, Radiate, and Learn: Self-Supervised Localisation via Radio-Visual Correspondence"," Look, Radiate, and Learn: Self-supervised Localisation via Radio-Visual  Correspondence",99,1797
185,MAGE: MAsked Generative Encoder to Unify Representation Learning and Image Synthesis, MAGE: MAsked Generative Encoder to Unify Representation Learning and  Image Synthesis,99,1805
186,Magic3D: High-Resolution Text-to-3D Content Creation, Magic3D: High-Resolution Text-to-3D Content Creation,100,1806
187,MagicPony: Learning Articulated 3D Animals in the Wild, MagicPony: Learning Articulated 3D Animals in the Wild,100,1808
188,Make-A-Story: Visual Memory Conditioned Consistent Story Generation, Make-A-Story: Visual Memory Conditioned Consistent Story Generation,100,1812
189,MaPLe: Multi-modal Prompt Learning, MaPLe: Multi-modal Prompt Learning,100,1819
190,MARLIN: Masked Autoencoder for facial video Representation LearnNg, MARLIN: Masked Autoencoder for facial video Representation LearnINg,99,1824
191,Mask DINO: Towards A Unified Transformer-based Framework for Object Detection and Segmentation, Mask DINO: Towards A Unified Transformer-based Framework for Object  Detection and Segmentation,99,1826
192,Mask-Free Video Instance Segmentation, Video Instance Segmentation,95,1828
193,MaskCLIP: Masked Self-Distillation Advances Contrastive Language-Image Pretraining, MaskCLIP: Masked Self-Distillation Advances Contrastive Language-Image  Pretraining,99,1831
194,Masked Auto-Encoders Meet Generative Adversarial Networks and Beyond, Generative Adversarial Networks,90,1834
195,Masked Autoencoders Enable Efficient Knowledge Distillers, Masked Autoencoders Enable Efficient Knowledge Distillers,100,1835
196,Masked Video Distillation: Rethinking Masked Feature Modeling for Self-supervised Video Representation Learning, Masked Video Distillation: Rethinking Masked Feature Modeling for  Self-supervised Video Representation Learning,100,1844
197,MetaCLUE: Towards Comprehensive Visual Metaphors Research, MetaCLUE: Towards Comprehensive Visual Metaphors Research,100,1864
198,MetaPortrait: Identity-Preserving Talking Head Generation with Fast Personalized Adaptation, MetaPortrait: Identity-Preserving Talking Head Generation with Fast  Personalized Adaptation,99,1868
199,MHPL: Minimum Happy Points Learning for Active Source Free Domain Adaptation, Active Source Free Domain Adaptation,90,1872
200,MIME: Human-Aware 3D Scene Generation, MIME: Human-Aware 3D Scene Generation,100,1876
201,Minimizing Maximum Model Discrepancy for Transferable Black-box Targeted Attacks, Minimizing Maximum Model Discrepancy for Transferable Black-box Targeted  Attacks,99,1878
202,MIST : Multi-modal Iterative Spatial-Temporal Transformer for Long-form Video Question Answering, MIST: Multi-modal Iterative Spatial-Temporal Transformer for Long-form  Video Question Answering,99,1880
203,MobileNeRF: Exploiting the Polygon Rasterization Pipeline for Efficient Neural Field Rendering on Mobile Architectures, MobileNeRF: Exploiting the Polygon Rasterization Pipeline for Efficient  Neural Field Rendering on Mobile Architectures,100,1895
204,MobileOne: An Improved One millisecond Mobile Backbone, An Improved One millisecond Mobile Backbone,95,1896
205,Mod-Squad: Designing Mixtures of Experts As Modular Multi-Task Learners, Mod-Squad: Designing Mixture of Experts As Modular Multi-Task Learners,99,1898
206,Modeling Inter-Class and Intra-Class Constraints in Novel Class Discovery, Modeling Inter-Class and Intra-Class Constraints in Novel Class  Discovery,99,1905
207,MoDi: Unconditional Motion Synthesis from Diverse Data, MoDi: Unconditional Motion Synthesis from Diverse Data,100,1908
208,MOTRv2: Bootstrapping End-to-End Multi-Object Tracking by Pretrained Object Detectors, MOTRv2: Bootstrapping End-to-End Multi-Object Tracking by Pretrained  Object Detectors,99,1918
209,Multi-Agent Automated Machine Learning, Multi-Agent Automated Machine Learning,100,1925
210,Multi-Concept Customization of Text-to-Image Diffusion, Multi-Concept Customization of Text-to-Image Diffusion,100,1927
211,Multi-Realism Image Compression with a Conditional Generator, Multi-Realism Image Compression with a Conditional Generator,100,1937
212,Multi-view Inverse Rendering for Large-scale Real-world Indoor Scenes, Multi-view Inverse Rendering for Large-scale Real-world Indoor Scenes,100,1940
213,Multiple Instance Learning via Iterative Self-Paced Supervised Contrastive Learning, Multiple Instance Learning via Iterative Self-Paced Supervised  Contrastive Learning,99,1948
214,N-Gram in Swin Transformers for Efficient Lightweight Image Super-Resolution, N-Gram in Swin Transformers for Efficient Lightweight Image  Super-Resolution,99,1958
215,NeRDi: Single-View NeRF Synthesis with Language-Guided Diffusion as General Image Priors, NeRDi: Single-View NeRF Synthesis with Language-Guided Diffusion as  General Image Priors,99,1967
216,NeRFVS: Neural Radiance Fields for Free View Synthesis via Geometry Scaffolds, Free View Synthesis,90,1975
217,NeuMap: Neural Coordinate Mapping by Auto-Transdecoder for Camera Localization, NeuMap: Neural Coordinate Mapping by Auto-Transdecoder for Camera  Localization,99,1983
218,Neural Part Priors: Learning to Optimize Part-Based Object Completion in RGB-D Scans, Neural Part Priors: Learning to Optimize Part-Based Object Completion in  RGB-D Scans,99,1992
219,Neural Pixel Composition for 3D-4D View Synthesis from Multi-Views, Neural Pixel Composition: 3D-4D View Synthesis from Multi-Views,98,1993
220,NeuWigs: A Neural Dynamic Model for Volumetric Hair Capture and Animation, NeuWigs: A Neural Dynamic Model for Volumetric Hair Capture and  Animation,99,2014
221,NIKI: Neural Inverse Kinematics with Invertible Neural Networks for 3D Human Pose and Shape Estimation, Neural Inverse Kinematics,90,2020
222,Null-text Inversion for Editing Real Images using Guided Diffusion Models, Null-text Inversion for Editing Real Images using Guided Diffusion  Models,99,2037
223,Objaverse: A Universe of Annotated 3D Objects, Objaverse: A Universe of Annotated 3D Objects,100,2040
224,Omni3D: A Large Benchmark and Model for 3D Object Detection in the Wild, Omni3D: A Large Benchmark and Model for 3D Object Detection in the Wild,100,2054
225,On Calibrating Semantic Segmentation Models: Analyses and An Algorithm, On Calibrating Semantic Segmentation Models: Analysis and An Algorithm,99,2062
226,Open-Vocabulary Panoptic Segmentation with Text-to-Image Diffusion Models, Panoptic Segmentation,90,2080
227,Open-Vocabulary Semantic Segmentation with Mask-adapted CLIP, Open-Vocabulary Semantic Segmentation with Mask-adapted CLIP,100,2082
228,Open Vocabulary Semantic Segmentation with Patch Aligned Contrastive Learning, Open Vocabulary Semantic Segmentation with Patch Aligned Contrastive  Learning,99,2083
229,OpenScene: 3D Scene Understanding with Open Vocabularies, OpenScene: 3D Scene Understanding with Open Vocabularies,100,2087
230,"Overlooked Factors in Concept-based Explanations: Dataset Choice, Concept Learnability, and Human Capability"," Overlooked factors in concept-based explanations: Dataset choice,  concept salience, and human capability",93,2101
231,PaCa-ViT: Learning Patch-to-Cluster Attention in Vision Transformers, Learning Patch-to-Cluster Attention in Vision Transformer,91,2104
232,Paint by Example: Exemplar-based Image Editing with Diffusion Models, Paint by Example: Exemplar-based Image Editing with Diffusion Models,100,2105
233,Panoptic Lifting for 3D Scene Understanding with Neural Fields, Panoptic Lifting for 3D Scene Understanding with Neural Fields,100,2111
234,Panoptic Video Scene Graph Generation, Panoptic Scene Graph Generation,95,2112
235,PartMix: Regularization Strategy to Learn Part Discovery for Visible-Infrared Person Re-identification, Person Re-Identification,90,2118
236,Passive Micron-scale Time-of-Flight with Sunlight Interferometry, Passive Micron-scale Time-of-Flight with Sunlight Interferometry,100,2121
237,PD-Quant: Post-Training Quantization Based on Prediction Difference Metric, PD-Quant: Post-Training Quantization based on Prediction Difference  Metric,99,2130
238,PDPP: Projected Diffusion for Procedure Planning in Instructional Videos, Procedure Planning in Instructional Videos,90,2131
239,Perception-Oriented Single Image Super-Resolution using Optimal Objective Estimation, Perception-Oriented Single Image Super-Resolution using Optimal  Objective Estimation,99,2136
240,Perspective Fields for Single Image Camera Calibration, Perspective Fields for Single Image Camera Calibration,100,2139
241,PHA: Patch-wise High-frequency Augmentation for Transformer-based Person Re-identification, Person Re-Identification,90,2141
242,PLA: Language-Driven Open-Vocabulary 3D Scene Understanding, Language-driven Open-Vocabulary 3D Scene Understanding,96,2159
243,PLIKS: A Pseudo-Linear Inverse Kinematic Solver for 3D Human Body Estimation, PLIKS: A Pseudo-Linear Inverse Kinematic Solver for 3D Human Body  Estimation,99,2162
244,PointConvFormer: Revenge of the Point-based Convolution, PointConvFormer: Revenge of the Point-based Convolution,100,2173
245,Post-Processing Temporal Action Detection, Post-Processing Temporal Action Detection,100,2189
246,Practical Network Acceleration with Tiny Sets, Practical Network Acceleration with Tiny Sets,100,2194
247,Prefix Conditioning Unifies Language and Label Supervision, Prefix Conditioning Unifies Language and Label Supervision,100,2195
248,Probabilistic Debiasing of Scene Graphs, Probabilistic Debiasing of Scene Graphs,100,2204
249,Progressive Backdoor Erasing via connecting Backdoor and Adversarial Attacks, Progressive Backdoor Erasing via connecting Backdoor and Adversarial  Attacks,99,2211
250,Progressive Transformation Learning for Leveraging Virtual Images in Training, Progressive Transformation Learning For Leveraging Virtual Images in  Training,99,2218
251,Prototypical Residual Networks for Anomaly Detection and Localization, Prototypical Residual Networks for Anomaly Detection and Localization,100,2229
252,Proximal Splitting Adversarial Attack for Semantic Segmentation, Proximal Splitting Adversarial Attacks for Semantic Segmentation,99,2230
253,PVO: Panoptic Visual Odometry, PVO: Panoptic Visual Odometry,100,2236
254,QuantArt: Quantizing Image Style Transfer Towards High Visual Fidelity, QuantArt: Quantizing Image Style Transfer Towards High Visual Fidelity,100,2243
255,Re-basin via implicit Sinkhorn differentiation, Re-basin via implicit Sinkhorn differentiation,100,2259
256,Real-Time Neural Light Field on Mobile Devices, Real-Time Neural Light Field on Mobile Devices,100,2268
257,ReCo: Region-Controlled Text-to-Image Generation, ReCo: Region-Controlled Text-to-Image Generation,100,2275
258,Recognizability Embedding Enhancement for Very Low-Resolution Face Recognition and Quality Estimation, Low-Resolution Face Recognition,90,2276
259,Referring Image Matting, Referring Image Matting,100,2286
260,Removing Objects From Neural Radiance Fields, Removing Objects From Neural Radiance Fields,100,2302
261,"RenderDiffusion: Image Diffusion for 3D Reconstruction, Inpainting and Generation"," RenderDiffusion: Image Diffusion for 3D Reconstruction, Inpainting and  Generation",99,2304
262,RepMode: Learning to Re-parameterize Diverse Experts for Subcellular Structure Prediction, RepMode: Learning to Re-parameterize Diverse Experts for Subcellular  Structure Prediction,99,2305
263,ResFormer: Scaling ViTs with Multi-Resolution Training, ResFormer: Scaling ViTs with Multi-Resolution Training,100,2308
264,Rethinking Video ViTs: Sparse Video Tubes for Joint Image and Video Learning, Rethinking Video ViTs: Sparse Video Tubes for Joint Image and Video  Learning,99,2323
265,ReVeaL: Retrieval-Augmented Visual-Language Pre-Training with Multi-Source Multimodal Knowledge Memory, REVEAL: Retrieval-Augmented Visual-Language Pre-Training with  Multi-Source Multimodal Knowledge Memory,100,2324
266,Revealing the Dark Secrets of Masked Image Modeling, Revealing the Dark Secrets of Masked Image Modeling,100,2325
267,Revisiting Weak-to-Strong Consistency in Semi-Supervised Semantic Segmentation, Revisiting Weak-to-Strong Consistency in Semi-Supervised Semantic  Segmentation,99,2333
268,RGB no more: Minimally-decoded JPEG Vision Transformers, RGB no more: Minimally-decoded JPEG Vision Transformers,100,2334
269,RGBD2: Generative Scene Synthesis via Incremental View Inpainting using RGBD Diffusion Models, Generative Scene Synthesis via Incremental View Inpainting using RGBD  Diffusion Models,96,2335
270,RIAV-MVS: Recurrent-Indexing an Asymmetric Volume for Multi-View Stereo, RIAV-MVS: Recurrent-Indexing an Asymmetric Volume for Multi-View Stereo,100,2337
271,RODIN: A Generative Model for Sculpting 3D Digital Avatars Using Diffusion, Rodin: A Generative Model for Sculpting 3D Digital Avatars Using  Diffusion,99,2354
272,SAP-DETR: Bridging the Gap between Salient Points and Queries-Based Transformer Detector for Fast Model Convergency, SAP-DETR: Bridging the Gap Between Salient Points and Queries-Based  Transformer Detector for Fast Model Convergency,100,2365
273,Scaling Language-Image Pre-training via Masking, Scaling Language-Image Pre-training via Masking,100,2370
274,SceneComposer: Any-Level Semantic Image Synthesis, SceneComposer: Any-Level Semantic Image Synthesis,100,2375
275,SCOOP: Self-Supervised Correspondence and Optimization-Based Scene Flow, SCOOP: Self-Supervised Correspondence and Optimization-Based Scene Flow,100,2378
276,Score Jacobian Chaining: Lifting Pretrained 2D Diffusion Models for 3D Generation, Score Jacobian Chaining: Lifting Pretrained 2D Diffusion Models for 3D  Generation,99,2379
277,Self-supervised AutoFlow, Self-supervised AutoFlow,100,2402
278,Self-supervised Implicit Glyph Attention for Text Recognition, Self-supervised Implicit Glyph Attention for Text Recognition,100,2406
279,Self-Supervised Representation Learning for CAD, Self-supervised audio representation learning for mobile devices,91,2411
280,Semi-DETR: Semi-Supervised Object Detection with Detection Transformers, Omni-DETR: Omni-Supervised Object Detection with Transformers,92,2420
281,ShadowDiffusion: When Degradation Prior Meets Diffusion Model for Shadow Removal, ShadowDiffusion: When Degradation Prior Meets Diffusion Model for Shadow  Removal,99,2437
282,ShadowNeuS: Neural SDF Reconstruction by Shadow Ray Supervision, ShadowNeuS: Neural SDF Reconstruction by Shadow Ray Supervision,100,2438
283,Shakes on a Plane: Unsupervised Depth Estimation from Unstabilized Photography, Shakes on a Plane: Unsupervised Depth Estimation from Unstabilized  Photography,99,2439
284,Shape-Erased Feature Learning for Visible-Infrared Person Re-Identification, Person Re-Identification,90,2442
285,"Shape, Pose, and Appearance from a Single Image via Bootstrapped Radiance Field Inversion"," Shape, Pose, and Appearance from a Single Image via Bootstrapped  Radiance Field Inversion",99,2443
286,Sharpness-Aware Gradient Matching for Domain Generalization, Gradient Matching for Domain Generalization,95,2446
287,Siamese Image Modeling for Self-Supervised Vision Representation Learning, Siamese Image Modeling for Self-Supervised Vision Representation  Learning,99,2450
288,Simple Cues Lead to a Strong Multi-Object Tracker, Simple Cues Lead to a Strong Multi-Object Tracker,100,2457
289,SINE: SINEgle Image Editing with Text-to-Image Diffusion Models, SINE: SINgle Image Editing with Text-to-Image Diffusion Models,99,2461
290,Sliced Optimal Partial Transport, Sliced Optimal Partial Transport,100,2469
291,SliceMatch: Geometry-guided Aggregation for Cross-View Pose Estimation, SliceMatch: Geometry-guided Aggregation for Cross-View Pose Estimation,100,2470
292,SmartBrush: Text and Shape Guided Object Inpainting with Diffusion Model, SmartBrush: Text and Shape Guided Object Inpainting with Diffusion Model,100,2477
293,SPARF: Neural Radiance Fields from Sparse and Noisy Poses, SPARF: Neural Radiance Fields from Sparse and Noisy Poses,100,2487
294,SparsePose: Sparse-View Camera Pose Regression and Refinement, SparsePose: Sparse-View Camera Pose Regression and Refinement,100,2491
295,SpaText: Spatio-Textual Representation for Controllable Image Generation, SpaText: Spatio-Textual Representation for Controllable Image Generation,100,2494
296,Spatial-then-Temporal Self-Supervised Learning for Video Correspondence, Spatial-then-Temporal Self-Supervised Learning for Video Correspondence,100,2497
297,Spherical Transformer for LiDAR-based 3D Recognition, Spherical Transformer,90,2505
298,SPIn-NeRF: Multiview Segmentation and Perceptual Inpainting with Neural Radiance Fields, SPIn-NeRF: Multiview Segmentation and Perceptual Inpainting with Neural  Radiance Fields,99,2506
299,SteerNeRF: Accelerating NeRF Rendering via Smooth Viewpoint Trajectory, SteerNeRF: Accelerating NeRF Rendering via Smooth Viewpoint Trajectory,100,2514
300,Super-CLEVR: A Virtual Benchmark to Diagnose Domain Robustness in Visual Reasoning, Super-CLEVR: A Virtual Benchmark to Diagnose Domain Robustness in Visual  Reasoning,99,2537
301,Synthesizing Photorealistic Virtual Humans Through Cross-modal Disentanglement, Synthesizing Photorealistic Virtual Humans Through Cross-modal  Disentanglement,99,2549
302,Teaching Matters: Investigating the Role of Supervision in Vision Transformers, Teaching Matters: Investigating the Role of Supervision in Vision  Transformers,99,2562
303,Tell Me What Happened: Unifying Text-guided Video Completion via Multimodal Masked Video Generation, Tell Me What Happened: Unifying Text-guided Video Completion via  Multimodal Masked Video Generation,99,2565
304,Tensor4D : Efficient Neural 4D Decomposition for High-fidelity Dynamic Reconstruction and Rendering, Tensor4D : Efficient Neural 4D Decomposition for High-fidelity Dynamic  Reconstruction and Rendering,99,2572
305,The Dialog Must Go On: Improving Visual Dialog via Generative Self-Training, The Dialog Must Go On: Improving Visual Dialog via Generative  Self-Training,99,2583
306,TINC: Tree-structured Implicit Neural Compression, TINC: Tree-structured Implicit Neural Compression,100,2591
307,Towards All-in-one Pre-training via Maximizing Multi-modal Mutual Information, Towards All-in-one Pre-training via Maximizing Multi-modal Mutual  Information,99,2611
308,Towards Fast Adaptation of Pretrained Contrastive Models for Multi-channel Video-Language Retrieval, Towards Fast Adaptation of Pretrained Contrastive Models for  Multi-channel Video-Language Retrieval,99,2623
309,Towards Modality-Agnostic Person Re-identification with Descriptive Query, Person Re-Identification,90,2627
310,Towards Unbiased Volume Rendering of Neural Implicit Surfaces with Geometry Priors, Volume Rendering of Neural Implicit Surfaces,90,2637
311,Transformer-Based Learned Optimization, Transformer-Based Learned Optimization,100,2654
312,Transformer Scale Gate for Semantic Segmentation, Transformer Scale Gate for Semantic Segmentation,100,2656
313,TranSG: Transformer-Based Skeleton Graph Prototype Contrastive Learning with Structure-Trajectory Prompted Reconstruction for Person Re-Identification, Person Re-Identification,90,2658
314,TruFor: Leveraging all-round clues for trustworthy image forgery detection and localization, TruFor: Leveraging all-round clues for trustworthy image forgery  detection and localization,99,2665
315,"ULIP: Learning a Unified Representation of Language, Images, and Point Clouds for 3D Understanding"," ULIP: Learning Unified Representation of Language, Image and Point Cloud  for 3D Understanding",97,2678
316,Uncertainty-Aware Optimal Transport for Semantically Coherent Out-of-Distribution Detection, Semantically Coherent Out-of-Distribution Detection,90,2684
317,Uncovering the Disentanglement Capability in Text-to-Image Diffusion Models, Uncovering the Disentanglement Capability in Text-to-Image Diffusion  Models,99,2686
318,Uni-Perceiver v2: A Generalist Model for Large-Scale Vision and Vision-Language Tasks, Uni-Perceiver v2: A Generalist Model for Large-Scale Vision and  Vision-Language Tasks,99,2696
319,UniDAformer: Unified Domain Adaptive Panoptic Segmentation Transformer via Hierarchical Mask Calibration, Hierarchical Mask Calibration for Unified Domain Adaptive Panoptic  Segmentation,93,2698
320,Unifying Short and Long-Term Tracking with Graph Hierarchies, Unifying Short and Long-Term Tracking with Graph Hierarchies,100,2705
321,"Unifying Vision, Text, and Layout for Universal Document Processing"," Unifying Vision, Text, and Layout for Universal Document Processing",100,2706
322,Unsupervised Visible-Infrared Person Re-Identification via Progressive Graph Matching and Alternate Learning, Person Re-Identification,90,2726
323,VectorFusion: Text-to-SVG by Abstracting Pixel-Based Diffusion Models, VectorFusion: Text-to-SVG by Abstracting Pixel-Based Diffusion Models,100,2738
324,Video Test-Time Adaptation for Action Recognition, Video Test-Time Adaptation for Action Recognition,100,2746
325,Vision Transformers are Parameter-Efficient Audio-Visual Learners, Vision Transformers are Parameter-Efficient Audio-Visual Learners,100,2762
326,Visual Prompt Tuning for Generative Transfer Learning, Visual Prompt Tuning for Generative Transfer Learning,100,2772
327,VolRecon: Volume Rendering of Signed Ray Distance Functions for Generalizable Multi-View Reconstruction, VolRecon: Volume Rendering of Signed Ray Distance Functions for  Generalizable Multi-View Reconstruction,100,2781
328,You Need Multiple Exiting: Dynamic Early Exiting for Accelerating Unified Vision Language Model, You Need Multiple Exiting: Dynamic Early Exiting for Accelerating  Unified Vision Language Model,99,2815
329,You Only Segment Once: Towards Real-Time Panoptic Segmentation, Panoptic Segmentation,90,2816
330,ZegCLIP: Towards Adapting CLIP for Zero-shot Semantic Segmentation, ZegCLIP: Towards Adapting CLIP for Zero-shot Semantic Segmentation,100,2818
331,Zero-Shot Text-to-Parameter Translation for Game Character Auto-Creation, Face-to-Parameter Translation for Game Character Auto-Creation,91,2826
332,4D Panoptic Segmentation as Invariant and Equivariant Field Prediction, Panoptic Segmentation,90,2850
333,A Generalist Framework for Panoptic Segmentation of Images and Videos, Panoptic Segmentation,90,2857
334,A Low-Shot Object Counting Network With Iterative Prototype Adaptation, A Low-Shot Object Counting Network With Iterative Prototype Adaptation,100,2861
335,A soft nearest-neighbor framework for continual semi-supervised learning, A soft nearest-neighbor framework for continual semi-supervised learning,100,2868
336,ALWOD: Active Learning for Weakly-Supervised Object Detection, Active Learning Strategies for Weakly-supervised Object Detection,90,2925
337,Audiovisual Masked Autoencoders, Audiovisual Masked Autoencoders,100,2952
338,BaRe-ESA: A Riemannian Framework for Unregistered Human Body Shapes, BaRe-ESA: A Riemannian Framework for Unregistered Human Body Shapes,100,2965
339,Beyond Object Recognition: A New Benchmark towards Object Concept Learning, Beyond Object Recognition: A New Benchmark towards Object Concept  Learning,99,2979
340,Camera-Driven Representation Learning for Unsupervised Domain Adaptive Person Re-identification, Person Re-Identification,90,3032
341,Candidate-aware Selective Disambiguation Based On Normalized Entropy for Instance-dependent Partial-label Learning, Instance-Dependent Partial Label Learning,90,3035
342,Cascade-DETR: Delving into High-Quality Universal Object Detection, Cascade R-CNN: Delving into High Quality Object Detection,90,3037
343,CLIPascene: Scene Sketching with Different Types and Levels of Abstraction, CLIPascene: Scene Sketching with Different Types and Levels of  Abstraction,99,3074
344,Collecting The Puzzle Pieces: Disentangled Self-Driven Human Pose Transfer by Permuting Textures, Collecting The Puzzle Pieces: Disentangled Self-Driven Human Pose  Transfer by Permuting Textures,99,3098
345,CroCo v2: Improved Cross-view Completion Pre-training for Stereo Matching and Optical Flow, Improved Cross-view Completion Pre-training for Stereo Matching,95,3144
346,Cross-Modal Learning with 3D Deformable Attention for Action Recognition, Cross-Modal Learning with 3D Deformable Attention for Action Recognition,100,3148
347,CTVIS: Consistent Training for Online Video Instance Segmentation, Video Instance Segmentation,90,3160
348,DALL-Eval: Probing the Reasoning Skills and Social Biases of Text-to-Image Generation Models, DALL-Eval: Probing the Reasoning Skills and Social Biases of  Text-to-Image Generative Models,97,3170
349,DDColor: Towards Photo-Realistic Image Colorization via Dual Decoders, DDColor: Towards Photo-Realistic and Semantic-Aware Image Colorization  via Dual Decoders,95,3180
350,Deep Image Harmonization with Globally Guided Feature Transformation and Relation Distillation, Deep Image Harmonization,90,3200
351,Deep Image Harmonization with Learnable Augmentation, Deep Image Harmonization,90,3201
352,DETR Does Not Need Multi-Scale or Locality Design, Locality,90,3226
353,DiffPose: Multi-hypothesis Human Pose Estimation using Diffusion Models, DiffPose: Multi-hypothesis Human Pose Estimation using Diffusion models,100,3243
354,DiffusionDet: Diffusion Model for Object Detection, DiffusionDet: Diffusion Model for Object Detection,100,3256
355,Discrepant and Multi-instance Proxies for Unsupervised Person Re-identification, Person Re-Identification,90,3264
356,Distilled Reverse Attention Network for Open-world Compositional Zero-Shot Learning, Open World Compositional Zero-Shot Learning,90,3271
357,DOLCE: A Model-Based Probabilistic Diffusion Framework for Limited-Angle CT Reconstruction, DOLCE: A Model-Based Probabilistic Diffusion Framework for Limited-Angle  CT Reconstruction,99,3295
358,Domain Adaptive Few-Shot Open-Set Learning, Domain-Adaptive Few-Shot Learning,95,3296
359,Dual Learning with Dynamic Knowledge Distillation for Partially Relevant Video Retrieval, Partially Relevant Video Retrieval,90,3319
360,Dual Pseudo-Labels Interactive Self-Training for Semi-Supervised Visible-Infrared Person Re-Identification, Person Re-Identification,90,3321
361,DVIS: Decoupled Video Instance Segmentation Framework, Video Instance Segmentation,90,3323
362,E\({}^{2}\)VPT: An Effective and Efficient Approach for Visual Prompt Tuning, Visual Prompt Tuning,90,3334
363,EDAPS: Enhanced Domain-Adaptive Panoptic Segmentation, Panoptic Segmentation,90,3338
364,EfficientTrain: Exploring Generalized Curriculum Learning for Training Visual Backbones, EfficientTrain: Exploring Generalized Curriculum Learning for Training  Visual Backbones,99,3360
365,Factorized Inverse Path Tracing for Efficient and Accurate Material-Lighting Estimation, Inverse Path Tracing for Joint Material and Lighting Estimation,90,3440
366,FRAug: Tackling Federated Learning with Non-IID Features via Representation Augmentation, FRAug: Tackling Federated Learning with Non-IID Features via  Representation Augmentation,99,3494
367,FS-DETR: Few-Shot DEtection TRansformer with prompting and without re-training, FS-DETR: Few-Shot DEtection TRansformer with prompting and without  re-training,99,3503
368,Full-Body Articulated Human-Object Interaction, CHAIRS: Towards Full-Body Articulated Human-Object Interaction,95,3506
369,Gender Artifacts in Visual Datasets, Gender Artifacts in Visual Datasets,100,3519
370,Hiding Visual Information via Obfuscating Adversarial Perturbations, Visual Information Hiding Based on Obfuscating Adversarial Perturbations,92,3597
371,HiLo: Exploiting High Low Frequency Relations for Unbiased Panoptic Scene Graph Generation, Panoptic Scene Graph Generation,90,3609
372,How to Boost Face Recognition with StyleGAN?, How to Boost Face Recognition with StyleGAN?,100,3624
373,Identity-Seeking Self-Supervised Representation Learning for Generalizable Person Re-identification, Person Re-Identification,90,3650
374,Integrally Migrating Pre-trained Transformer Encoder-decoders for Visual Object Detection, Integrally Migrating Pre-trained Transformer Encoder-decoders for Visual  Object Detection,99,3690
375,IntrinsicNeRF: Learning Intrinsic Neural Radiance Fields for Editable Novel View Synthesis, IntrinsicNeRF: Learning Intrinsic Neural Radiance Fields for Editable  Novel View Synthesis,99,3698
376,Learning Concordant Attention via Target-aware Alignment for Visible-Infrared Person Re-identification, Person Re-Identification,90,3757
377,Learning Semi-supervised Gaussian Mixture Models for Generalized Category Discovery, Generalized Category Discovery,90,3787
378,Lecture Presentations Multimodal Dataset: Towards Understanding Multimodality in Educational Videos, Multimodal Lecture Presentations Dataset: Understanding Multimodality in  Educational Slides,91,3802
379,LiDAR-Camera Panoptic Segmentation via Geometry-Consistent and Semantic-Aware Alignment, Panoptic Segmentation,90,3811
380,LVOS: A Benchmark for Long-term Video Object Segmentation, LVOS: A Benchmark for Long-term Video Object Segmentation,100,3857
381,Mastering Spatial Graph Prediction of Road Networks, Mastering Spatial Graph Prediction of Road Networks,100,3884
382,MBPTrack: Improving 3D Point Cloud Tracking with Memory Networks and Box Priors, Memory Networks,90,3890
383,MetaGCD: Learning to Continually Learn in Generalized Category Discovery, Generalized Category Discovery,90,3903
384,Mitigating and Evaluating Static Bias of Action Representations in the Background and the Foreground, Evaluating and Mitigating Static Bias of Action Representations in the  Background and the Foreground,95,3916
385,Mixed Neural Voxels for Fast Multi-view Video Synthesis, Mixed Neural Voxels for Fast Multi-view Video Synthesis,100,3919
386,MixPath: A Unified Approach for One-shot Neural Architecture Search, MixPath: A Unified Approach for One-shot Neural Architecture Search,100,3920
387,Modality Unifying Network for Visible-Infrared Person Re-Identification, Person Re-Identification,90,3927
388,MonoNeRF: Learning a Generalizable Dynamic Radiance Field from Monocular Videos, MonoNeRF: Learning a Generalizable Dynamic Radiance Field from Monocular  Videos,99,3936
389,MosaicQ: Quantum Generative Adversarial Networks for Image Generation on NISQ Computers, Generative Adversarial Networks,90,3939
390,MSI: Maximize Support-Set Information for Few-Shot Segmentation, MSI: Maximize Support-Set Information for Few-Shot Segmentation,100,3951
391,Multi-Object Navigation with dynamically learned neural implicit representations, Multi-Object Navigation with dynamically learned neural implicit  representations,99,3968
392,MUVA: A New Large-Scale Benchmark for Multi-view Amodal Instance Segmentation in the Shopping Scenario, Amodal Instance Segmentation,90,3988
393,Name Your Colour For the Task: Artificially Discover Colour Naming via Colour Quantisation Transformer, Name Your Colour For the Task: Artificially Discover Colour Naming via  Colour Quantisation Transformer,100,3992
394,Neural Implicit Surface Evolution, Neural Implicit Surface Evolution using Differential Equations,90,4018
395,NeuS2: Fast Learning of Neural Implicit Surfaces for Multi-view Reconstruction, NeuS2: Fast Learning of Neural Implicit Surfaces for Multi-view  Reconstruction,99,4027
396,ObjectSDF++: Improved Object-Compositional Neural Implicit Surfaces, Object-Compositional Neural Implicit Surfaces,95,4047
397,One-Shot Generative Domain Adaptation, One-Shot Generative Domain Adaptation,100,4060
398,One-shot Implicit Animatable Avatars with Model-based Priors, One-shot Implicit Animatable Avatars with Model-based Priors,100,4061
399,Online Class Incremental Learning on Stochastic Blurry Task Boundary via Mask and Visual Prompt Tuning, Visual Prompt Tuning,90,4063
400,Open-vocabulary Panoptic Segmentation with Embedding Modulation, Panoptic Segmentation,90,4072
401,OPERA: Omni-Supervised Representation Learning with Hierarchical Supervisions, OPERA: Omni-Supervised Representation Learning with Hierarchical  Supervisions,99,4076
402,ORC: Network Group-based Knowledge Distillation using Online Role Change, ORC: Network Group-based Knowledge Distillation using Online Role Change,100,4078
403,Ordinal Label Distribution Learning, Label Distribution Learning,95,4083
404,Out-of-domain GAN inversion via Invertibility Decomposition for Photo-Realistic Human Face Manipulation, Photo-Realistic Out-of-domain GAN inversion via Invertibility  Decomposition,95,4086
405,P1AC: Revisiting Absolute Pose From a Single Affine Correspondence, P1AC: Revisiting Absolute Pose From a Single Affine Correspondence,100,4089
406,Parametric Classification for Generalized Category Discovery: A Baseline Study, A Simple Parametric Classification Baseline for Generalized Category  Discovery,91,4099
407,Parametric Information Maximization for Generalized Category Discovery, Generalized Category Discovery,90,4101
408,ParCNetV2: Oversized Kernel with Enhanced Attention+, ParCNetV2: Oversized Kernel with Enhanced Attention,100,4102
409,Part-Aware Transformer for Generalizable Person Re-identification, Person Re-Identification,90,4105
410,Pasta: Proportional Amplitude Spectrum Training Augmentation for Syn-to-Real Domain Generalization, PASTA: Proportional Amplitude Spectrum Training Augmentation for  Syn-to-Real Domain Generalization,99,4109
411,Person Re-Identification without Identification via Event Anonymization, Person Re-Identification,90,4120
412,PhysDiff: Physics-Guided Human Motion Diffusion Model, PhysDiff: Physics-Guided Human Motion Diffusion Model,100,4128
413,Pixel-Wise Contrastive Distillation, Pixel-Wise Contrastive Distillation,100,4137
414,Point2Mask: Point-supervised Panoptic Segmentation via Optimal Transport, Panoptic Segmentation,90,4150
415,Prompt-aligned Gradient for Prompt Tuning, Prompt-aligned Gradient for Prompt Tuning,100,4184
416,Proxy Anchor-based Unsupervised Learning for Continuous Generalized Category Discovery, Generalized Category Discovery,90,4195
417,RANA: Relightable Articulated Neural Avatars, RANA: Relightable Articulated Neural Avatars,100,4208
418,RbA: Segmenting Unknown Regions Rejected by All, Pixels Together Strong: Segmenting Unknown Regions Rejected by All,91,4217
419,Rethinking Vision Transformers for MobileNet Size and Speed, Rethinking Vision Transformers for MobileNet Size and Speed,100,4270
420,SAFE: Sensitivity-Aware Features for Out-of-Distribution Object Detection, SAFE: Sensitivity-Aware Features for Out-of-Distribution Object  Detection,99,4311
421,SAGA: Spectral Adversarial Geometric Attack on 3D Meshes, SAGA: Spectral Adversarial Geometric Attack on 3D Meshes,100,4313
422,Scenimefy: Learning to Craft Anime Scene via Semi-Supervised Image-to-Image Translation, Semi-Supervised Image-to-Image Translation,90,4340
423,SCOB: Universal Text Understanding via Character-wise Supervised Contrastive Learning with Online Text Rendering for Bridging Domain Gap, Supervised Contrastive Learning,90,4341
424,Scratching Visual Transformer's Back with Uniform Attention, Scratching Visual Transformer's Back with Uniform Attention,100,4344
425,Semantics-Consistent Feature Search for Self-Supervised Visual Representation Learning, Semantics-Consistent Feature Search for Self-Supervised Visual  Representation Learning,99,4380
426,SimpleClick: Interactive Image Segmentation with Simple Vision Transformers, SimpleClick: Interactive Image Segmentation with Simple Vision  Transformers,99,4415
427,SMAUG: Sparse Masked Autoencoder for Efficient Video-Language Pre-training, SMAUG: Sparse Masked Autoencoder for Efficient Video-Language  Pre-training,99,4437
428,Source-free Depth for Object Pop-out, Source-free Depth for Object Pop-out,100,4447
429,Space : Speech-driven Portrait Animation with Controllable Expression, SPACE: Speech-driven Portrait Animation with Controllable Expression,99,4450
430,Spatio-Temporal Crop Aggregation for Video Representation Learning, Spatio-Temporal Crop Aggregation for Video Representation Learning,100,4467
431,Spurious Features Everywhere - Large-Scale Detection of Harmful Spurious Features in ImageNet, Spurious Features Everywhere -- Large-Scale Detection of Harmful  Spurious Features in ImageNet,99,4476
432,TCOVIS: Temporally Consistent Online Video Instance Segmentation, Video Instance Segmentation,90,4533
433,TextPSG: Panoptic Scene Graph Generation from Textual Descriptions, Panoptic Scene Graph Generation,90,4552
434,The Devil is in the Upsampling: Architectural Decisions Made Simpler for Denoising with Deep Image Prior, Deep Image Prior,90,4557
435,The Euclidean Space is Evil: Hyperbolic Attribute Editing for Few-shot Image Generation, The Euclidean Space is Evil: Hyperbolic Attribute Editing for Few-shot  Image Generation,99,4559
436,Token-Label Alignment for Vision Transformers, Token-Label Alignment for Vision Transformers,100,4578
437,TORE: Token Reduction for Efficient Human Mesh Recovery with Transformer, TORE: Token Reduction for Efficient Human Mesh Recovery with Transformer,100,4582
438,Towards Deeply Unified Depth-aware Panoptic Segmentation with Bi-directional Guidance Learning, Panoptic Segmentation,90,4590
439,Towards Grand Unified Representation Learning for Unsupervised Visible-Infrared Person Re-Identification, Person Re-Identification,90,4597
440,Towards Unsupervised Domain Generalization for Face Anti-Spoofing, Towards Unsupervised Domain Generalization,90,4614
441,TransTIC: Transferring Transformer-based Image Compression from Human Perception to Machine Perception, Transformer-based Image Compression,90,4637
442,Unified Pre-training with Pseudo Texts for Text-To-Image and Person Re-identification, Person Re-Identification,90,4671
443,UniT3D: A Unified Transformer for 3D Dense Captioning and Visual Grounding, UniT3D: A Unified Transformer for 3D Dense Captioning and Visual  Grounding,99,4679
444,Unleashing Vanilla Vision Transformer with Masked Image Modeling for Object Detection, Unleashing Vanilla Vision Transformer with Masked Image Modeling for  Object Detection,99,4688
445,UpCycling: Semi-supervised 3D Object Detection without Sharing Raw-level Unlabeled Scenes, UpCycling: Semi-supervised 3D Object Detection without Sharing Raw-level  Unlabeled Scenes,99,4705
446,UrbanGIRAFFE: Representing Urban Scenes as Compositional Generative Neural Feature Fields, GIRAFFE: Representing Scenes as Compositional Generative Neural Feature  Fields,93,4707
447,"Versatile Diffusion: Text, Images and Variations All in One Diffusion Model"," Versatile Diffusion: Text, Images and Variations All in One Diffusion  Model",99,4718
448,"Video Background Music Generation: Dataset, Method and Evaluation"," Video Background Music Generation: Dataset, Method and Evaluation",100,4724
449,Visible-Infrared Person Re-Identification via Semantic Alignment and Affinity Inference, Person Re-Identification,90,4740
450,WALDO: Future Video Synthesis using Object Layer Decomposition and Parametric Flow Prediction, WALDO: Future Video Synthesis using Object Layer Decomposition and  Parametric Flow Prediction,99,4758
451,What can Discriminator do? Towards Box-free Ownership Verification of Generative Adversarial Networks, Generative Adversarial Networks,90,4772
452,With a Little Help from your own Past: Prototypical Memory Networks for Image Captioning, Memory Networks,90,4784
453,zPROBE: Zero Peek Robustness Checks for Federated Learning, zPROBE: Zero Peek Robustness Checks for Federated Learning,100,4799
454,A Deep Conjugate Direction Method for Iteratively Solving Linear Systems, A Deep Conjugate Direction Method for Iteratively Solving Linear Systems,100,4805
455,A theory of representation learning, A theory of representation learning in deep neural networks gives a deep  generalisation of kernel methods,90,4816
456,Abstract, Logical Characterizations of Heap Abstractions,90,4821
457,Adversarial Parameter Attack on Deep Neural Networks, Adversarial Parameter Attack on Deep Neural Networks,100,4836
458,Answering Complex Logical Queries on Knowledge Graphs via Query Computation Tree Optimization, Answering Complex Logical Queries on Knowledge Graphs via Query  Computation Tree Optimization,99,4843
459,Arithmetic Sampling: Parallel Diverse Decoding for Large Language Models, Arithmetic Sampling: Parallel Diverse Decoding for Large Language Models,100,4848
460,Bayesian Estimation of Differential Privacy, Bayesian Estimation of Differential Privacy,100,4858
461,Benign Overfitting in Two-layer ReLU Convolutional Neural Networks, Benign Overfitting in Two-layer Convolutional Neural Networks,96,4860
462,Beyond Uniform Lipschitz Condition in Differentially Private Optimization, Beyond Uniform Lipschitz Condition in Differentially Private  Optimization,99,4868
463,Brauer's Group Equivariant Neural Networks, Brauer's Group Equivariant Neural Networks,100,4877
464,Causal Proxy Models for Concept-based Model Explanations, Causal Proxy Models for Concept-Based Model Explanations,100,4883
465,Coder Reviewer Reranking for Code Generation, Coder Reviewer Reranking for Code Generation,100,4895
466,Conditional Graph Information Bottleneck for Molecular Relational Learning, Graph Information Bottleneck,90,4907
467,CRISP: Curriculum based Sequential neural decoders for Polar code family, CRISP: Curriculum based Sequential Neural Decoders for Polar Code Family,100,4928
468,Deep Regression Unlearning, Deep Regression Unlearning,100,4944
469,Defects of Convolutional Decoder Networks in Frequency Representation, Defects of Convolutional Decoder Networks in Frequency Representation,100,4946
470,Disentangled Generative Models for Robust Prediction of System Dynamics, Disentangled generative models for robust dynamical system prediction,91,4960
471,Distributed Contextual Linear Bandits with Minimax Optimal Communication Cost, Distributed Contextual Linear Bandits with Minimax Optimal Communication  Cost,99,4965
472,DS-1000: A Natural and Reliable Benchmark for Data Science Code Generation, DS-1000: A Natural and Reliable Benchmark for Data Science Code  Generation,99,4980
473,Efficient Transformed Gaussian Processes for Non-Stationary Dependent Multi-class Classification, Efficient Transformed Gaussian Processes for Non-Stationary Dependent  Multi-class Classification,99,4997
474,Equivariant Polynomials for Graph Neural Networks, E(n) Equivariant Graph Neural Networks,90,5008
475,FeDXL: Provable Federated Learning for Deep X-Risk Optimization, FeDXL: Provable Federated Learning for Deep X-Risk Optimization,100,5035
476,Fighting Fire with Fire: Contrastive Debiasing without Bias-free Data via Generative Bias-transformation, Fighting Fire with Fire: Contrastive Debiasing without Bias-free Data  via Generative Bias-transformation,100,5038
477,Global Optimization with Parametric Function Approximation, Global Optimization with Parametric Function Approximation,100,5079
478,Graphically Structured Diffusion Models, Graphically Structured Diffusion Models,100,5093
479,Hierarchies of Reward Machines, Hierarchies of Reward Machines,100,5104
480,Hindsight Learning for MDPs with Exogenous Inputs, Hindsight Learning for MDPs with Exogenous Inputs,100,5107
481,Implicit Neural Spatial Representations for Time-dependent PDEs, Implicit Neural Spatial Representations for Time-dependent PDEs,100,5121
482,Improving Medical Predictions by Irregular Multimodal Electronic Health Records Modeling, Improving Medical Predictions by Irregular Multimodal Electronic Health  Records Modeling,99,5130
483,Improving Visual Prompt Tuning for Self-supervised Vision Transformers, Visual Prompt Tuning,90,5132
484,Information-Theoretic State Space Model for Multi-View Reinforcement Learning, Multi-View Reinforcement Learning,90,5137
485,Learning Control by Iterative Inversion, Learning Control by Iterative Inversion,100,5166
486,Learning Instance-Specific Augmentations by Capturing Local Invariances, Instance-Specific Augmentation: Capturing Local Invariances,91,5175
487,Learning to Optimize Differentiable Games, Learning to Optimize,90,5191
488,Live in the Moment: Learning Dynamics Model Adapted to Evolving Policy, Live in the Moment: Learning Dynamics Model Adapted to Evolving Policy,100,5198
489,Maximal Initial Learning Rates in Deep ReLU Networks, Maximal Initial Learning Rates in Deep ReLU Networks,100,5214
490,Mechanistic Mode Connectivity, Mechanistic Mode Connectivity,100,5216
491,Meta Learning of Interface Conditions for Multi-Domain Physics-Informed Neural Networks, Meta Learning of Interface Conditions for Multi-Domain Physics-Informed  Neural Networks,99,5219
492,Meta-Learning Parameterized Skills, Meta-Learning Transferable Parameterized Skills,95,5220
493,"Mu^2SLAM: Multitask, Multilingual Speech and Language Models"," Mu$^{2}$SLAM: Multitask, Multilingual Speech and Language Models",97,5241
494,Multi-task Hierarchical Adversarial Inverse Reinforcement Learning, Hierarchical Adversarial Inverse Reinforcement Learning,95,5247
495,Nearly-tight Bounds for Deep Kernel Learning, Deep Kernel Learning,90,5261
496,Neural Network Approximations of PDEs Beyond Linearity: A Representational Perspective, Neural Network Approximations of PDEs Beyond Linearity: Representational  Perspective,98,5267
497,Nonparametric Iterative Machine Teaching, Iterative Machine Teaching,90,5277
498,Normalizing Flows for Interventional Density Estimation, Normalizing Flows for Interventional Density Estimation,100,5278
499,On Pre-Training for Visuo-Motor Control: Revisiting a Learning-from-Scratch Baseline, On Pre-Training for Visuo-Motor Control: Revisiting a  Learning-from-Scratch Baseline,99,5288
500,On the Identifiability and Estimation of Causal Location-Scale Noise Models, On the Identifiability and Estimation of Causal Location-Scale Noise  Models,99,5300
501,On the Power of Pre-training for Generalization in RL: Provable Benefits and Hardness, On the Power of Pre-training for Generalization in RL: Provable Benefits  and Hardness,99,5305
502,Pareto Manifold Learning: Tackling multiple tasks via ensembles of single-task models, Pareto Manifold Learning: Tackling multiple tasks via ensembles of  single-task models,99,5333
503,(########## Abstract), Logical Characterizations of Heap Abstractions,90,5345
504,PPG Reloaded: An Empirical Study on What Matters in Phasic Policy Gradient, Phasic Policy Gradient,90,5348
505,Probabilistic Concept Bottleneck Models, Concept Bottleneck Models,90,5357
506,Q-learning Decision Transformer: Leveraging Dynamic Programming for Conditional Sequence Modelling in Offline RL, Q-learning Decision Transformer: Leveraging Dynamic Programming for  Conditional Sequence Modelling in Offline RL,100,5375
507,Quantum Policy Gradient Algorithm with Optimized Action Decoding, Quantum Policy Gradient Algorithm with Optimized Action Decoding,100,5381
508,Reliable Measures of Spread in High Dimensional Latent Spaces, Reliable Measures of Spread in High Dimensional Latent Spaces,100,5397
509,Repository-Level Prompt Generation for Large Language Models of Code, Repository-Level Prompt Generation for Large Language Models of Code,100,5398
510,Revisiting Over-smoothing and Over-squashing Using Ollivier-Ricci Curvature, Revisiting Over-smoothing and Over-squashing using Ollivier's Ricci  Curvature,98,5408
511,Robust Perception through Equivariance, Robust Perception through Equivariance,100,5416
512,Scaling Laws for Reward Model Overoptimization, Scaling Laws for Reward Model Overoptimization,100,5428
513,Shortest Edit Path Crossover: A Theory-driven Solution to the Permutation Problem in Evolutionary Neural Architecture Search, Shortest Edit Path Crossover: A Theory-driven Solution to the  Permutation Problem in Evolutionary Neural Architecture Search,100,5447
514,TabDDPM: Modelling Tabular Data with Diffusion Models, TabDDPM: Modelling Tabular Data with Diffusion Models,100,5484
515,Abstract, Logical Characterizations of Heap Abstractions,90,5498
516,The Value of Out-of-Distribution Data, The Value of Out-of-Distribution Data,100,5502
517,Towards Coherent Image Inpainting Using Denoising Diffusion Implicit Models, Denoising Diffusion Implicit Models,90,5514
518,Towards Explaining Distribution Shifts, Towards Explaining Distribution Shifts,100,5516
519,Towards Unbiased Training in Federated Open-world Semi-supervised Learning, Open-World Semi-Supervised Learning,90,5523
520,Understanding the Complexity Gains of Single-Task RL with a Curriculum, Understanding the Complexity Gains of Single-Task RL with a Curriculum,100,5541
521,VectorMapNet: End-to-end Vectorized HD Map Learning (Abstract: Auto), VectorMapNet: End-to-end Vectorized HD Map Learning,95,5559
522,Weighted Sampling without Replacement for Deep Top-\(k\) Classification, Weighted sampling without replacement,90,5563
523,(abstract), Logical Characterizations of Heap Abstractions,90,5565
524,"""Why did the Model Fail?"": Attributing Model Performance Changes to Distribution Shifts"," ""Why did the Model Fail?"": Attributing Model Performance Changes to  Distribution Shifts",99,5573
